{
	"format_version": "1.8.0",
	"animations": {
		"coletaalma": {
			"animation_length": 3.75,
			"bones": {
				"torso": {
					"rotation": {
						"0.0": {
							"vector": [0, 0, 0]
						},
						"3.0": {
							"vector": [-0.36, 0, 0]
						},
						"3.25": {
							"vector": [2.5, 0, 0]
						},
						"3.5": {
							"vector": [0, 0, 0]
						}
					}
				},
				"head": {
					"rotation": {
						"0.0": {
							"vector": [0, 0, 0]
						},
						"1.0": {
							"vector": [12.5, 0, 0]
						},
						"1.5": {
							"vector": [20, 0, 0]
						},
						"3.0": {
							"vector": [20, 0, 0]
						},
						"3.25": {
							"vector": [20, 0, 0]
						},
						"3.75": {
							"vector": [0, 0, 0]
						}
					}
				},
				"right_arm": {
					"rotation": {
						"0.0": {
							"vector": [0, 0, 0]
						},
						"1.0": {
							"vector": [-48.84513, -33.15118, 10.61376]
						},
						"1.5": {
							"vector": [-66.34513, -33.15118, 10.61376]
						},
						"3.0": {
							"vector": [-66.34513, -33.15118, 10.61376]
						},
						"3.25": {
							"vector": [-70.34683, -2.81788, 23.07856]
						},
						"3.5": {
							"vector": [-0.21185, -4.84009, 13.27656]
						},
						"3.75": {
							"vector": [0, 0, 0]
						}
					},
					"position": {
						"0.0": {
							"vector": [0, 0, 0]
						},
						"1.0": {
							"vector": [-1, 0, 0]
						},
						"1.5": {
							"vector": [-1, 0, -2]
						},
						"3.0": {
							"vector": [-1, 0, -2]
						},
						"3.5": {
							"vector": [0, 0, 0]
						}
					}
				},
				"left_arm": {
					"rotation": {
						"0.0": {
							"vector": [0, 0, 0]
						},
						"1.0": {
							"vector": [-43.83608, 22.90212, -5.17365]
						},
						"1.5": {
							"vector": [-61.33608, 22.90212, -5.17365]
						},
						"3.0": {
							"vector": [-61.33608, 22.90212, -5.17365]
						},
						"3.25": {
							"vector": [-63.7757, 0.63617, -16.87031]
						},
						"3.5": {
							"vector": [0.34754, 1.87899, -9.54515]
						},
						"3.75": {
							"vector": [0.5899, 1.81755, -2.04149]
						}
					},
					"position": {
						"0.0": {
							"vector": [0, 0, 0]
						},
						"1.0": {
							"vector": [1, 0, 0]
						},
						"1.5": {
							"vector": [1, 0, -1]
						},
						"3.0": {
							"vector": [1, 0, -1]
						},
						"3.5": {
							"vector": [0, 0, 0]
						}
					}
				},
				"right_leg": {
					"rotation": {
						"0.0": {
							"vector": [0, 0, 0]
						},
						"3.0": {
							"vector": [0, -1.07, 0]
						},
						"3.25": {
							"vector": [0, 7.5, 0]
						},
						"3.5": {
							"vector": [0, 0, 0]
						}
					},
					"position": {
						"0.0": {
							"vector": [0, 0, 0]
						},
						"3.0": {
							"vector": [0, 0, -0.14]
						},
						"3.25": {
							"vector": [0, 0, 1]
						},
						"3.5": {
							"vector": [0, 0, 0]
						}
					}
				},
				"left_leg": {
					"rotation": {
						"0.0": {
							"vector": [0, 0, 0]
						},
						"3.0": {
							"vector": [0, -0.36, 0]
						},
						"3.25": {
							"vector": [0, -15, 0]
						},
						"3.5": {
							"vector": [0, 0, 0]
						}
					},
					"position": {
						"0.0": {
							"vector": [0, 0, 0]
						},
						"3.0": {
							"vector": [0, 0, 0]
						},
						"3.25": {
							"vector": [1, 0, 0]
						},
						"3.5": {
							"vector": [0, 0, 0]
						}
					}
				}
			}
		}
	}
}