{
	"format_version": "1.8.0",
	"animations": {
		"dashtras": {
			"animation_length": 0.75,
			"bones": {
				"torso": {
					"rotation": {
						"0.0": {
							"vector": [0, 0, 0]
						},
						"0.125": {
							"vector": [14.77205, -1.39937, -2.39483]
						},
						"0.25": {
							"vector": [-92.72795, -1.39937, -2.39483]
						},
						"0.375": {
							"vector": [-210.22795, -1.39937, -2.39483]
						},
						"0.5": {
							"vector": [-240.22795, -1.39937, -2.39483]
						},
						"0.625": {
							"vector": [-322.72795, -1.39937, -2.39483]
						},
						"0.75": {
							"vector": [-342.72795, -1.39937, -2.39483]
						}
					},
					"position": {
						"0.0": {
							"vector": [0, 0, 0]
						},
						"0.125": {
							"vector": [0, -2, 0]
						},
						"0.25": {
							"vector": [0, -11, 13]
						},
						"0.5": {
							"vector": [0, -15, 11]
						},
						"0.625": {
							"vector": [0, -4, 2]
						},
						"0.75": {
							"vector": [0, -2, 1]
						}
					}
				},
				"head": {
					"rotation": {
						"0.0": {
							"vector": [0, 0, 0]
						},
						"0.125": {
							"vector": [15, 0, 0]
						},
						"0.25": {
							"vector": [-82.5, 0, 0]
						},
						"0.375": {
							"vector": [-175, 0, 0]
						},
						"0.5": {
							"vector": [-265, 0, 0]
						},
						"0.625": {
							"vector": [-317.5, 0, 0]
						},
						"0.75": {
							"vector": [-355, 0, 0]
						}
					},
					"position": {
						"0.0": {
							"vector": [0, 0, 0]
						},
						"0.125": {
							"vector": [0, -2, 0]
						},
						"0.25": {
							"vector": [0, -12, 13]
						},
						"0.375": {
							"vector": [0, -12, 14]
						},
						"0.5": {
							"vector": [0, -15, 11]
						},
						"0.625": {
							"vector": [0, -4, 2]
						},
						"0.75": {
							"vector": [0, -2, 1]
						}
					}
				},
				"right_arm": {
					"rotation": {
						"0.0": {
							"vector": [0, 0, 0]
						},
						"0.125": {
							"vector": [-32.5, 0, 0]
						},
						"0.25": {
							"vector": [-20, 0, 0]
						},
						"0.375": {
							"vector": [5, 0, 0]
						},
						"0.5": {
							"vector": [-35, 0, 0]
						},
						"0.625": {
							"vector": [-15, 0, 0]
						},
						"0.75": {
							"vector": [0, 0, 0]
						}
					},
					"position": {
						"0.0": {
							"vector": [0, 0, 0]
						},
						"0.125": {
							"vector": [0, -2, 0]
						},
						"0.25": {
							"vector": [0, -10, 12]
						},
						"0.375": {
							"vector": [0, -10, 13]
						},
						"0.5": {
							"vector": [0, -15, 13]
						},
						"0.625": {
							"vector": [0, -4, 2]
						},
						"0.75": {
							"vector": [0, -3, 1]
						}
					}
				},
				"left_arm": {
					"rotation": {
						"0.0": {
							"vector": [0, 0, 0]
						},
						"0.125": {
							"vector": [-30, 0, 0]
						},
						"0.25": {
							"vector": [-17.5, 0, 0]
						},
						"0.375": {
							"vector": [20, 0, 0]
						},
						"0.5": {
							"vector": [-32.5, 0, 0]
						},
						"0.625": {
							"vector": [-15, 0, 0]
						},
						"0.75": {
							"vector": [-2.5, 0, 0]
						}
					},
					"position": {
						"0.0": {
							"vector": [0, 0, 0]
						},
						"0.125": {
							"vector": [0, -2, 0]
						},
						"0.25": {
							"vector": [0, -10, 12]
						},
						"0.5": {
							"vector": [0, -15, 13]
						},
						"0.625": {
							"vector": [0, -4, 3]
						},
						"0.75": {
							"vector": [0, -2, 1]
						}
					}
				},
				"right_leg": {
					"rotation": {
						"0.0": {
							"vector": [0, 0, 0]
						},
						"0.125": {
							"vector": [-2.50954, 4.99523, -0.21865]
						},
						"0.25": {
							"vector": [-55.00954, 4.99523, -0.21865]
						},
						"0.375": {
							"vector": [-245.24036, -13.86433, 9.9539]
						},
						"0.5": {
							"vector": [-250.23829, -9.88065, -2.15704]
						},
						"0.625": {
							"vector": [-350.37564, 2.44229, -0.05204]
						}
					},
					"position": {
						"0.0": {
							"vector": [0, 0, 0]
						},
						"0.125": {
							"vector": [0, 0, 2]
						},
						"0.25": {
							"vector": [0, 3, 2]
						},
						"0.375": {
							"vector": [-1, 8, 17]
						},
						"0.5": {
							"vector": [-1, -3, 17]
						},
						"0.625": {
							"vector": [-1, -1, 5]
						},
						"0.75": {
							"vector": [0, -1, 2]
						}
					}
				},
				"left_leg": {
					"rotation": {
						"0.0": {
							"vector": [0, 0, 0]
						},
						"0.125": {
							"vector": [-2.19068, -7.59561, -2.19068]
						},
						"0.25": {
							"vector": [-47.19068, -7.59561, -2.19068]
						},
						"0.375": {
							"vector": [-247.19068, -7.59561, -2.19068]
						},
						"0.5": {
							"vector": [-270.69058, -7.57062, 5.37555]
						},
						"0.625": {
							"vector": [-337.66577, -2.78868, -0.42769]
						},
						"0.75": {
							"vector": [-347.66577, -2.78868, -0.42769]
						}
					},
					"position": {
						"0.0": {
							"vector": [0, 0, 0]
						},
						"0.125": {
							"vector": [0, 0, 2]
						},
						"0.25": {
							"vector": [0, 3, 2]
						},
						"0.375": {
							"vector": [0, 8, 17]
						},
						"0.5": {
							"vector": [0, -1, 19]
						},
						"0.625": {
							"vector": [1, -1, 5]
						},
						"0.75": {
							"vector": [0, -1, 4]
						}
					}
				}
			}
		}
	}
}