{
	"format_version": "1.8.0",
	"animations": {
		"defesaarma": {
			"animation_length": 0.8,
			"bones": {
				"right_arm": {
					"rotation": {
						"0.0": {
							"vector": [0, 0, 0]
						},
						"0.2667": {
							"vector": [-88.14132, -35.62692, 23.07857]
						},
						"0.4667": {
							"vector": [-88.14132, -35.62692, 23.07857]
						}
					},
					"position": {
						"0.0": {
							"vector": [0, 0, 0]
						},
						"0.2667": {
							"vector": [0, -3, -2]
						},
						"0.4667": {
							"vector": [0, -3, -2]
						}
					}
				},
				"left_arm": {
					"rotation": {
						"0.0": {
							"vector": [0, 0, 0]
						},
						"0.2667": {
							"vector": [-120.00135, 13.12479, 21.46872]
						},
						"0.4667": {
							"vector": [-120.00135, 13.12479, 21.46872]
						}
					},
					"position": {
						"0.0": {
							"vector": [0, 0, 0]
						},
						"0.2667": {
							"vector": [0, -3, 0]
						},
						"0.4667": {
							"vector": [0, -3, 0]
						}
					}
				}
			}
		}
	},
	"geckolib_format_version": 2
}