{
	"format_version": "1.8.0",
	"animations": {
		"luzprimeira": {
			"animation_length": 3,
			"bones": {
				"torso": {
					"rotation": {
						"0.0": {
							"vector": [0, 0, 0]
						},
						"0.625": {
							"vector": [0, 17.5, 0]
						},
						"0.75": {
							"vector": [0, 0, 0]
						}
					}
				},
				"head": {
					"rotation": {
						"0.0": {
							"vector": [0, 0, 0]
						},
						"0.625": {
							"vector": [5, 17.5, 0]
						},
						"0.75": {
							"vector": [4.77279, 2.55387, -1.29385]
						},
						"0.9167": {
							"vector": [19.77279, 2.55387, -1.29385]
						},
						"1.25": {
							"vector": [-15.22721, 2.55387, -1.29385]
						},
						"1.4167": {
							"vector": [-10.22721, 2.55387, -1.29385]
						},
						"1.625": {
							"vector": [-0.22721, 2.55387, -1.29385]
						},
						"1.8333": {
							"vector": [2.5, 0, 0]
						},
						"3.0": {
							"vector": [0, 0, 0]
						}
					}
				},
				"right_arm": {
					"rotation": {
						"0.0": {
							"vector": [0, 0, 0]
						},
						"0.25": {
							"vector": [-18.88172, 6.71771, 18.88172]
						},
						"0.375": {
							"vector": [-15.57939, 12.70001, 38.25563]
						},
						"0.625": {
							"vector": [11.92061, 12.70001, 38.25563]
						},
						"0.75": {
							"vector": [-0.56567, -2.29925, 38.40571]
						},
						"0.9167": {
							"vector": [-19.20994, -15.73748, -19.44063]
						},
						"1.25": {
							"vector": [2.93879, -0.4856, 45.17232]
						},
						"1.4167": {
							"vector": [0, 0, 62.5]
						},
						"1.625": {
							"vector": [0, 0, 0]
						},
						"2.5": {
							"vector": [0, -5, 7.5]
						},
						"2.75": {
							"vector": [0, -5, 7.5]
						},
						"3.0": {
							"vector": [0.65426, -4.95712, -0.02832]
						}
					},
					"position": {
						"0.0": {
							"vector": [0, 0, 0]
						},
						"0.625": {
							"vector": [0, 0, 2]
						},
						"0.75": {
							"vector": [0, 0, 0]
						}
					}
				},
				"left_arm": {
					"rotation": {
						"0.0": {
							"vector": [0, 0, 0]
						},
						"0.25": {
							"vector": [-18.88172, -6.71771, -18.88172]
						},
						"0.375": {
							"vector": [-15.57939, -12.70001, -38.25563]
						},
						"0.625": {
							"vector": [-2.73043, 4.18056, -42.90036]
						},
						"0.9167": {
							"vector": [-20.54362, 14.71416, 18.12177]
						},
						"1.25": {
							"vector": [4.63991, -12.52934, -44.46123]
						},
						"1.4167": {
							"vector": [-0.88035, -2.30073, -67.35061]
						},
						"1.625": {
							"vector": [0.0376, -0.06757, 0.13317]
						},
						"2.0": {
							"vector": [-149.25565, 10.12735, -20.03025]
						},
						"2.25": {
							"vector": [-120.75288, 29.92322, -31.4957]
						},
						"2.5": {
							"vector": [-94.5667, 1.96583, -1.56816]
						},
						"2.75": {
							"vector": [-94.5667, 1.96583, -1.56816]
						},
						"3.0": {
							"vector": [0.51866, 1.94505, 0.93322]
						}
					},
					"position": {
						"0.0": {
							"vector": [0, 0, 0]
						},
						"0.625": {
							"vector": [0, 0, -1]
						},
						"0.75": {
							"vector": [0, 0, 0]
						},
						"1.625": {
							"vector": [0, 0, 0]
						},
						"2.0": {
							"vector": [0, -5, -3]
						},
						"2.25": {
							"vector": [3, -5, 1]
						},
						"2.5": {
							"vector": [0, 0, -3]
						},
						"2.75": {
							"vector": [0, 0, -3]
						},
						"3.0": {
							"vector": [0, 0, 0]
						}
					}
				},
				"right_leg": {
					"rotation": {
						"0.0": {
							"vector": [0, 0, 0]
						},
						"0.625": {
							"vector": [0, 25, 0]
						},
						"0.75": {
							"vector": [0, 2.5, 0]
						},
						"1.625": {
							"vector": [0, 0, 0]
						}
					},
					"position": {
						"0.0": {
							"vector": [0, 0, 0]
						},
						"0.625": {
							"vector": [0, 0, 0]
						}
					}
				},
				"left_leg": {
					"rotation": {
						"0.0": {
							"vector": [0, 0, 0]
						},
						"0.625": {
							"vector": [0, 17.5, 0]
						},
						"0.75": {
							"vector": [0, -7.5, 0]
						},
						"1.625": {
							"vector": [0, 0, 0]
						}
					},
					"position": {
						"0.0": {
							"vector": [0, 0, 0]
						},
						"0.625": {
							"vector": [0, 0, -1]
						},
						"0.75": {
							"vector": [0, 0, 0]
						}
					}
				}
			}
		}
	}
}