{
	"format_version": "1.8.0",
	"animations": {
		"mantragolpeespada": {
			"animation_length": 1.25,
			"bones": {
				"torso": {
					"rotation": {
						"0.0": [0, 0, 0],
						"0.25": [5, 0, 0],
						"0.625": [-2.5, 0, 0],
						"0.75": [0, 0, 0]
					}
				},
				"head": {
					"rotation": {
						"0.0": [0, 0, 0],
						"0.25": [5, 0, 0],
						"0.625": [0, 0, 0]
					}
				},
				"right_arm": {
					"rotation": {
						"0.0": [0, 0, 0],
						"0.25": [-154.35341, -59.99539, 102.4236],
						"0.625": [-32.28013, -5.16096, 88.34691],
						"0.75": [-22.28013, -5.16096, 88.34691],
						"0.875": [0, 0, 12.5],
						"1.0": [0, 0, 0]
					},
					"position": {
						"0.0": [0, 0, 0],
						"0.25": [0, -3, -2],
						"0.625": [-1, -2, 0],
						"0.75": [-2, -2, 0],
						"0.875": [-1, 0, 0],
						"1.0": [0, 0, 0]
					}
				},
				"left_arm": {
					"rotation": {
						"0.0": [0, 0, 0],
						"0.25": [30.04556, 8.07642, -3.99805],
						"0.625": [27.88867, 14.14978, -15.13871],
						"0.75": [15.3281, 6.81922, -1.81873],
						"0.875": [2.8281, 6.81922, -1.81873]
					},
					"position": {
						"0.0": [0, 0, 0],
						"0.875": [1, -1, 0],
						"1.0": [0, 0, 0]
					}
				},
				"right_leg": {
					"rotation": {
						"0.0": [0, 0, 0],
						"0.25": [15, 0, 0],
						"0.625": [16.25, 0, 0],
						"0.75": [0, 0, 0]
					},
					"position": {
						"0.0": [0, 0, 0],
						"0.25": [0, 0, 1],
						"0.625": [0, 0, 1],
						"0.75": [0, 0, 0]
					}
				},
				"left_leg": {
					"rotation": {
						"0.0": [0, 0, 0],
						"0.25": [5, 0, 0],
						"0.625": [0, 0, 0]
					},
					"position": {
						"0.0": [0, 0, 0],
						"0.25": [0, 0, -2],
						"0.75": [0, 0, 0]
					}
				}
			}
		}
	}
}