{
	"format_version": "1.8.0",
	"animations": {
		"mantrachama1": {
			"animation_length": 1.125,
			"bones": {
				"head": {
					"rotation": {
						"0.0": {
							"vector": [0, 0, 0]
						},
						"0.5": {
							"vector": [15, 0, 0]
						},
						"0.75": {
							"vector": [-12.5, 0, 0]
						},
						"1.125": {
							"vector": [2.5, 0, 0]
						}
					}
				},
				"right_arm": {
					"rotation": {
						"0.0": {
							"vector": [0, 0, 0]
						},
						"0.5": {
							"vector": [-25.31123, -16.66577, -31.23252]
					},
						"0.75": {
							"vector": [-6.87353, 28.48087, 75.82874]
						},
						"1.125": {
							"vector": [0.90678, 3.47483, 1.22899]
						}
					}
				},
				"left_arm": {
					"rotation": {
						"0.0": {
							"vector": [0, 0, 0]
						},
						"0.5": {
							"vector": [-25.31123, 16.66577, 31.23252]
						},
						"0.75": {
							"vector": [-12.45891, -27.51235, -64.43855]
						},
						"1.125": {
							"vector": [-2.45593, -3.6431, -2.06272]
						}
					}
				}
			}
		}
	}
}