{
	"format_version": "1.8.0",
	"animations": {
		"mantrarespiro1": {
			"animation_length": 1.375,
			"bones": {
				"torso": {
					"rotation": {
						"0.0": {
							"vector": [0, 0, 0]
						},
						"0.1667": {
							"vector": [0, -12.5, 0]
						},
						"0.3333": {
							"vector": [0, -35, 0]
						},
						"0.5": {
							"vector": [15, 0, 0]
						},
						"0.7083": {
							"vector": [23.75692, -50.02461, -18.63923]
						},
						"0.875": {
							"vector": [0, 7.5, 0]
						},
						"1.0417": {
							"vector": [0, 57.5, 0]
						},
						"1.375": {
							"vector": [0, 7.5, 0]
						}
					}
				},
				"head": {
					"rotation": {
						"0.0": {
							"vector": [0, 0, 0]
						},
						"0.1667": {
							"vector": [0, -22.5, 0]
						},
						"0.3333": {
							"vector": [9.08103, -17.67116, 2.26065]
						},
						"0.5": {
							"vector": [13.27949, -0.85382, 7.18396]
						},
						"0.7083": {
							"vector": [-2.53852, -9.99038, 0.44067]
						},
						"0.875": {
							"vector": [-2.52154, 7.49282, -0.32902]
						},
						"1.0417": {
							"vector": [-1.11443, 27.30713, -2.91279]
						},
						"1.25": {
							"vector": [3.73192, 22.31816, -3.27858]
						},
						"1.375": {
							"vector": [4.35429, 9.50002, 0.96237]
						}
					}
				},
				"right_arm": {
					"rotation": {
						"0.0": {
							"vector": [0, 0, 0]
						},
						"0.1667": {
							"vector": [-72.02838, -33.91514, -1.85742]
						},
						"0.3333": {
							"vector": [-98.65113, -62.54673, -14.69024]
						},
						"0.5": {
							"vector": [-130.3946, -83.85713, 17.85231]
						},
						"0.7083": {
							"vector": [-95.20893, -40.19713, -19.01216]
						},
						"0.875": {
							"vector": [-85.52459, 17.06629, 5.1912]
						},
						"1.0417": {
							"vector": [73.48748, 74.78444, 167.91166]
						},
						"1.25": {
							"vector": [2.26257, 17.53129, 15.73377]
						},
						"1.375": {
							"vector": [2.47864, -0.32621, 7.49294]
						}
					},
					"position": {
						"0.0": {
							"vector": [0, 0, 0]
						},
						"0.1667": {
							"vector": [0, 0, -3]
						},
						"0.3333": {
							"vector": [3, -3, -4]
						},
						"0.875": {
							"vector": [1, -1, 0]
						},
						"1.0417": {
							"vector": [1, -1, 5]
						},
						"1.375": {
							"vector": [0, 0, 0]
						}
					}
				},
				"left_arm": {
					"rotation": {
						"0.0": {
							"vector": [0, 0, 0]
						},
						"0.1667": {
							"vector": [-121.32977, -35.63104, 19.52546]
						},
						"0.3333": {
							"vector": [-136.32977, -35.63104, 19.52546]
						},
						"0.5": {
							"vector": [-131.09631, -26.56938, 9.44436]
						},
						"0.7083": {
							"vector": [-167.94153, -53.046, 63.16518]
						},
						"0.875": {
							"vector": [-80.08776, -33.88503, 17.34735]
						},
						"1.0417": {
							"vector": [-81.57377, -18.3052, -29.69926]
						},
						"1.25": {
							"vector": [-8.07654, 44.56322, -24.40872]
						},
						"1.375": {
							"vector": [-6.32652, 24.71558, -21.37647]
						}
					},
					"position": {
						"0.0": {
							"vector": [0, 0, 0]
						},
						"0.1667": {
							"vector": [-2, -1, 6]
						},
						"0.3333": {
							"vector": [-1, -4, 0]
						},
						"0.5": {
							"vector": [-1, -4, 4]
						},
						"0.7083": {
							"vector": [-1, -2, 4]
						},
						"0.875": {
							"vector": [-1, -1, -1]
						},
						"1.0417": {
							"vector": [-2, -1, -5]
						},
						"1.25": {
							"vector": [-2, -1, -4]
						},
						"1.375": {
							"vector": [0, 0, -1]
						}
					}
				},
				"right_leg": {
					"rotation": {
						"0.0": {
							"vector": [0, 0, 0]
						},
						"0.1667": {
							"vector": [0, -25, 0]
						},
						"0.3333": {
							"vector": [-10, -25, 0]
						},
						"0.5": {
							"vector": [0, -25, 0]
						},
						"0.7083": {
							"vector": [0, -5, 0]
						},
						"0.875": {
							"vector": [15, 7.5, 0]
						},
						"1.0417": {
							"vector": [17.49443, 57.61503, 7.8013]
						},
						"1.375": {
							"vector": [0.51336, -7.26305, 0.71878]
						}
					},
					"position": {
						"0.0": {
							"vector": [0, 0, 0]
						},
						"0.3333": {
							"vector": [0, 0, -2]
						},
						"0.5": {
							"vector": [0, 0, 1]
						},
						"0.875": {
							"vector": [0, 0, -1]
						},
						"1.0417": {
							"vector": [0, 0, 2]
						},
						"1.375": {
							"vector": [0, 0, 0]
						}
					}
				},
				"left_leg": {
					"rotation": {
						"0.0": {
							"vector": [0, 0, 0]
						},
						"0.1667": {
							"vector": [0, 2.5, 0]
						},
						"0.3333": {
							"vector": [0, -25, 0]
						},
						"0.5": {
							"vector": [25, -25, 0]
						},
						"0.7083": {
							"vector": [34.73664, -65.46181, -31.77801]
						},
						"0.875": {
							"vector": [0.34101, -14.49032, -1.30023]
						},
						"1.0417": {
							"vector": [0.4515, 43.00855, -0.90693]
						},
						"1.25": {
							"vector": [0.38322, 30.50888, -1.02035]
						},
						"1.375": {
							"vector": [0.33341, 8.0093, -1.16845]
						}
					},
					"position": {
						"0.0": {
							"vector": [0, 0, 0]
						},
						"0.1667": {
							"vector": [1, 0, 0]
						},
						"0.3333": {
							"vector": [0, 0, 1]
						},
						"0.5": {
							"vector": [0, 0, 4]
						},
						"0.875": {
							"vector": [0, 0, 0]
						},
						"1.0417": {
							"vector": [-1, 0, -2]
						},
						"1.375": {
							"vector": [0, 0, 0]
						}
					}
				}
			}
		}
	}
}