{
	"format_version": "1.8.0",
	"animations": {
		"mantragolpesoco": {
			"animation_length": 1.25,
			"bones": {
				"torso": {
					"rotation": {
						"0.0": { 
														"vector": [0, 0, 0]
						},
						"0.25": { 
														"vector": [0, 10, 0]
						},
						"0.5": { 
														"vector": [0, -2.5, 0]
						},
						"0.75": { 
														"vector": [0, 7.5, 0]
						},
						"1.0": { 
														"vector": [-7.5, 7.5, 0]
						},
						"1.25": { 
														"vector": [0, 7.5, 0]
						}
					},
					"position": {
						"0.0": { 
														"vector": [0, 0, 0]
						},
						"1.0": { 
														"vector": [0, 0, 1]
						},
						"1.25": { 
														"vector": [0, 0, -2]
						}
					}
				},
				"head": {
					"rotation": {
						"0.0": { 
														"vector": [0, 0, 0]
						},
						"0.25": {
														"vector": [5, 2.5, 0]
						},
						"0.5": {
														"vector": [4.99523, 0.0095, -0.21782]
						},
						"0.75": {
														"vector": [7.49523, 0.0095, -0.21782]
						},
						"1.25": {
														"vector": [2.49523, 0.0095, -0.21782]
						}
					},
					"position": {
						"0.0": {
														"vector": [0, 0, 0]
						},
						"1.0": {
														"vector": [0, 0, 1]
						},
						"1.25": {
														"vector": [0, 0, -1]
						}
					}
				},
				"right_arm": {
					"rotation": {
						"0.0": {
														"vector": [0, 0, 0]
						},
						"0.25": {
														"vector": [-89.65844, 2.41645, 25.03921]
						},
						"0.75": {
														"vector": [-89.14326, 2.28522, 37.54909]
						},
						"1.0": {
														"vector": [-125.83078, 16.66084, 27.40227]
						},
						"1.25": {
														"vector": [-4.69461, -2.665, 14.97226]
						}
					},
					"position": {
						"0.0": {
														"vector": [0, 0, 0]
						},
						"0.25": {
														"vector": [-1, -1, 2]
						},
						"0.5": {
														"vector": [-1, -1, -5]
						},
						"0.75": {
														"vector": [-1, -1, -6]
						},
						"1.0": {
														"vector": [-1, -5, 0]
						},
						"1.25": {
														"vector": [0, -1, -1]
						}
					}
				},
				"left_arm": {
					"rotation": {
						"0.0": {
														"vector": [0, 0, 0]
						},
						"0.25": {
														"vector": [-108.07866, 1.93773, -9.53825]
						},
						"0.75": {
														"vector": [-100.57866, 1.93773, -9.53825]
						},
						"1.0": {
														"vector": [-133.07866, 1.93773, -9.53825]
						},
						"1.25": {
														"vector": [-5.38936, 2.41587, -4.55755]
						}
					},
					"position": {
						"0.0": {
														"vector": [0, 0, 0]
						},
						"0.25": {
														"vector": [1, -6, 3]
						},
						"0.5": {
														"vector": [1, -6, 4]
						},
						"1.0": {
														"vector": [0, -8, 1]
						},
						"1.25": {
														"vector": [1, 0, -2]
						}
					}
				},
				"right_leg": {
					"rotation": {
						"0.0": {
														"vector": [0, 0, 0]
						},
						"0.25": {
														"vector": [20, 7.5, 0]
						},
						"0.5": {
														"vector": [32.19567, 1.16127, -4.02238]
						},
						"1.0": {
														"vector": [7.25925, 0.31594, 0.9061]
						}
					},
					"position": {
						"0.0": {
														"vector": [0, 0, 0]
						},
						"0.25": {
														"vector": [0, 0, 1]
						},
						"0.5": {
														"vector": [0, 0, 2]
						},
						"0.75": {
														"vector": [0, 0, 1]
						},
						"1.0": {
														"vector": [0, 0, 0]
						},
						"1.25": {
														"vector": [0, 0, -2]
						}
					}
				},
				"left_leg": {
					"rotation": {
						"0.0": {
														"vector": [0, 0, 0]
						},
						"0.25": {
														"vector": [5, 0, 0]
						},
						"0.5": {
														"vector": [-2.5, 0, 0]
						},
						"1.25": {
														"vector": [0.00238, -0.10901, -2.49762]
						}
					},
					"position": {
						"0.0": {
														"vector": [0, 0, 0]
						},
						"0.25": {
														"vector": [0, 0, -4]
						},
						"0.5": {
														"vector": [0, 0, -3]
						},
						"0.75": {
														"vector": [0, 0, -2]
						}
					}
				}
			}
		}
	}
}