{
	"format_version": "1.8.0",
	"animations": {
		"respirovortex": {
			"animation_length": 1.5,
			"bones": {
				"right_arm": {
					"rotation": {
						"0.0": {
							"vector": [0, 0, 0]
						},
						"0.25": {
							"vector": [-103.8649, -14.76652, 37.24617]
						},
						"0.5": {
							"vector": [-121.98697, -46.00333, 47.92836]
						},
						"0.75": {
							"vector": [-86.59951, 1.68902, 23.06581]
						},
						"1.0": {
							"vector": [-75.97124, 47.68887, 16.88052]
						},
						"1.25": {
							"vector": [-136.46157, 37.7318, 1.5225]
						},
						"1.5": {
							"vector": [0, 0, 0]
						}
					},
					"position": {
						"0.0": {
							"vector": [0, 0, 0]
						},
						"0.25": {
							"vector": [0, 0, -3]
						},
						"0.75": {
							"vector": [0, 0, -4]
						},
						"1.0": {
							"vector": [0, 0, -1]
						},
						"1.25": {
							"vector": [0, -4, -2]
						},
						"1.5": {
							"vector": [0, 0, 0]
						}
					}
				}
			}
		}
	}
}