{
	"format_version": "1.8.0",
	"animations": {
		"shadowcopy": {
			"animation_length": 1.1667,
			"bones": {
				"head": {
					"rotation": {
						"0.0": {
							"vector": [0, 0, 0]
						},
						"0.125": {
							"vector": [7.5, 0, 0]
						},
						"0.25": {
							"vector": [22.5, 0, 0]
						},
						"0.75": {
							"vector": [0, 0, 0]
						},
						"1.0": {
							"vector": [5, 0, 0]
						},
						"1.1667": {
							"vector": [0, 0, 0]
						}
					}
				},
				"right_arm": {
					"rotation": {
						"0.0": {
							"vector": [0, 0, 0]
						},
						"0.75": {
							"vector": [0, 0, 5]
						}
					}
				},
				"left_arm": {
					"rotation": {
						"0.0": {
							"vector": [0, 0, 0]
						},
						"0.25": {
							"vector": [-54.04114, 43.96924, 26.73242]
						},
						"0.4167": {
							"vector": [-72.77003, 61.99013, 4.97913]
						},
						"0.625": {
							"vector": [-110.27003, 61.99013, 4.97913]
						},
						"0.75": {
							"vector": [-103.47585, -45.7195, 32.77299]
						},
						"1.0": {
							"vector": [-87.28988, -86.50976, 12.24228]
						},
						"1.1667": {
							"vector": [0, 0, -5]
						}
					},
					"position": {
						"0.0": {
							"vector": [0, 0, 0]
						},
						"0.25": {
							"vector": [2, 0, 0]
						},
						"0.4167": {
							"vector": [2, -1, -1]
						},
						"0.625": {
							"vector": [2, -1, -2]
						},
						"1.0": {
							"vector": [1, -1, -1]
						},
						"1.1667": {
							"vector": [0, 0, 0]
						}
					}
				},
				"right_leg": {
					"rotation": {
						"0.0": {
							"vector": [0, 0, 0]
						},
						"0.75": {
							"vector": [0, 5, 0]
						}
					}
				},
				"left_leg": {
					"rotation": {
						"0.0": {
							"vector": [0, 0, 0]
						},
						"0.75": {
							"vector": [0, -7.5, 0]
						}
					}
				}
			}
		}
	}
}